index,direction,animation,frame,origin_x,origin_y,alpha_left,alpha_top,alpha_right,alpha_bottom,head_x,head_y
0,0,idle,0,64.0,158.0,39,66,90,178,62.673,89.411
1,0,idle,1,64.0,158.0,39,65,90,178,63.243,89.251
2,0,idle,2,64.0,158.0,39,66,90,178,62.661,89.35
3,0,idle,3,64.0,158.0,39,66,90,178,62.092,89.513
4,0,walk,0,64.0,158.0,39,66,91,178,62.667,89.38
5,0,walk,1,64.0,158.0,39,65,94,178,62.671,87.612
6,0,walk,2,64.0,158.0,39,65,95,177,62.672,86.667
7,0,walk,3,64.0,158.0,39,65,94,177,62.671,87.612
8,0,walk,4,64.0,158.0,39,66,90,177,62.667,89.38
9,0,walk,5,64.0,158.0,39,65,94,177,62.661,90.421
10,0,walk,6,64.0,158.0,39,65,95,177,62.658,90.639
11,0,walk,7,64.0,158.0,39,65,94,177,62.661,90.421
12,0,attack,0,64.0,158.0,39,66,90,178,62.667,89.38
13,0,attack,1,64.0,158.0,38,65,90,177,62.74,88.926
14,0,attack,2,64.0,158.0,40,66,100,178,65.163,89.948
15,0,attack,3,64.0,158.0,41,67,102,178,67.656,90.471
16,0,attack,4,64.0,158.0,40,66,93,178,64.887,89.839
17,0,attack,5,64.0,158.0,39,66,90,178,62.667,89.38
18,1,idle,0,64.0,158.0,20,72,111,183,62.315,88.389
19,1,idle,1,64.0,158.0,21,72,111,183,62.696,88.551
20,1,idle,2,64.0,158.0,20,72,112,183,62.358,88.339
21,1,idle,3,64.0,158.0,20,72,112,183,61.977,88.18
22,1,walk,0,64.0,158.0,20,72,111,183,62.336,88.364
23,1,walk,1,64.0,158.0,22,71,114,185,63.541,87.006
24,1,walk,2,64.0,158.0,23,71,115,185,64.039,86.23
25,1,walk,3,64.0,158.0,22,71,114,184,63.541,87.006
26,1,walk,4,64.0,158.0,20,72,111,182,62.336,88.364
27,1,walk,5,64.0,158.0,19,72,109,179,61.131,88.993
28,1,walk,6,64.0,158.0,19,72,108,178,60.631,89.041
29,1,walk,7,64.0,158.0,19,72,109,180,61.131,88.993
30,1,attack,0,64.0,158.0,20,72,111,183,62.336,88.364
31,1,attack,1,64.0,158.0,19,72,107,183,62.499,87.989
32,1,attack,2,64.0,158.0,21,73,121,183,64.138,90.389
33,1,attack,3,64.0,158.0,23,73,123,183,66.062,92.411
34,1,attack,4,64.0,158.0,21,73,117,183,63.935,90.118
35,1,attack,5,64.0,158.0,20,72,111,183,62.336,88.364
36,2,idle,0,64.0,158.0,15,82,114,178,62.943,87.458
37,2,idle,1,64.0,158.0,15,82,114,178,62.913,87.74
38,2,idle,2,64.0,158.0,15,82,114,178,63.017,87.449
39,2,idle,3,64.0,158.0,15,82,114,178,63.048,87.17
40,2,walk,0,64.0,158.0,15,82,114,178,62.98,87.453
41,2,walk,1,64.0,158.0,15,82,114,180,64.679,87.081
42,2,walk,2,64.0,158.0,15,81,114,182,65.383,86.713
43,2,walk,3,64.0,158.0,15,82,114,180,64.679,87.081
44,2,walk,4,64.0,158.0,15,82,114,178,62.98,87.453
45,2,walk,5,64.0,158.0,15,82,114,181,61.281,87.097
46,2,walk,6,64.0,158.0,15,81,114,181,60.578,86.736
47,2,walk,7,64.0,158.0,15,82,114,180,61.281,87.097
48,2,attack,0,64.0,158.0,15,82,114,178,62.98,87.453
49,2,attack,1,64.0,158.0,16,80,113,178,63.137,87.187
50,2,attack,2,64.0,158.0,15,84,115,178,63.032,90.108
51,2,attack,3,64.0,158.0,16,87,115,178,63.26,92.859
52,2,attack,4,64.0,158.0,15,84,114,178,63.022,89.765
53,2,attack,5,64.0,158.0,15,82,114,178,62.98,87.453
54,3,idle,0,64.0,158.0,16,69,106,183,64.191,87.164
55,3,idle,1,64.0,158.0,18,69,105,183,63.766,87.292
56,3,idle,2,64.0,158.0,17,69,106,183,64.251,87.2
57,3,idle,3,64.0,158.0,16,69,106,183,64.676,87.076
58,3,walk,0,64.0,158.0,16,69,106,182,64.221,87.182
59,3,walk,1,64.0,158.0,19,69,107,179,65.42,87.793
60,3,walk,2,64.0,158.0,20,68,107,179,65.917,87.833
61,3,walk,3,64.0,158.0,19,69,107,180,65.42,87.793
62,3,walk,4,64.0,158.0,16,69,106,183,64.221,87.182
63,3,walk,5,64.0,158.0,14,68,104,185,63.024,85.844
64,3,walk,6,64.0,158.0,13,68,103,185,62.529,85.076
65,3,walk,7,64.0,158.0,14,68,104,184,63.024,85.844
66,3,attack,0,64.0,158.0,16,69,106,183,64.221,87.182
67,3,attack,1,64.0,158.0,21,67,105,183,64.281,86.989
68,3,attack,2,64.0,158.0,9,71,106,183,62.493,89.268
69,3,attack,3,64.0,158.0,7,73,106,183,60.891,91.553
70,3,attack,4,64.0,158.0,12,70,106,183,62.681,88.985
71,3,attack,5,64.0,158.0,16,69,106,183,64.221,87.182
72,4,idle,0,64.0,158.0,37,64,89,178,65.327,87.679
73,4,idle,1,64.0,158.0,37,64,89,178,64.757,87.469
74,4,idle,2,64.0,158.0,37,64,89,178,65.339,87.74
75,4,idle,3,64.0,158.0,37,64,89,178,65.908,87.953
76,4,walk,0,64.0,158.0,38,64,89,178,65.333,87.709
77,4,walk,1,64.0,158.0,34,64,89,178,65.329,88.726
78,4,walk,2,64.0,158.0,33,64,89,177,65.328,88.934
79,4,walk,3,64.0,158.0,34,64,89,178,65.329,88.726
80,4,walk,4,64.0,158.0,37,64,89,178,65.333,87.709
81,4,walk,5,64.0,158.0,34,62,89,178,65.339,85.967
82,4,walk,6,64.0,158.0,33,62,89,178,65.342,85.032
83,4,walk,7,64.0,158.0,34,62,89,178,65.339,85.967
84,4,attack,0,64.0,158.0,37,64,89,178,65.333,87.709
85,4,attack,1,64.0,158.0,37,64,90,178,65.26,87.512
86,4,attack,2,64.0,158.0,29,64,88,178,62.837,88.362
87,4,attack,3,64.0,158.0,27,65,87,178,60.344,89.258
88,4,attack,4,64.0,158.0,35,64,88,178,63.113,88.237
89,4,attack,5,64.0,158.0,37,64,89,178,65.333,87.709
90,5,idle,0,64.0,158.0,17,74,108,176,65.685,88.701
91,5,idle,1,64.0,158.0,17,73,107,176,65.304,88.169
92,5,idle,2,64.0,158.0,16,74,107,176,65.642,88.751
93,5,idle,3,64.0,158.0,16,75,108,176,66.023,89.287
94,5,walk,0,64.0,158.0,17,74,108,175,65.664,88.726
95,5,walk,1,64.0,158.0,14,73,106,177,64.459,89.332
96,5,walk,2,64.0,158.0,13,73,105,178,63.961,89.371
97,5,walk,3,64.0,158.0,14,73,106,177,64.459,89.332
98,5,walk,4,64.0,158.0,17,74,108,176,65.664,88.726
99,5,walk,5,64.0,158.0,19,74,109,174,66.869,87.394
100,5,walk,6,64.0,158.0,20,74,109,173,67.369,86.63
101,5,walk,7,64.0,158.0,19,74,109,173,66.869,87.394
102,5,attack,0,64.0,158.0,17,74,108,176,65.664,88.726
103,5,attack,1,64.0,158.0,21,75,109,176,65.501,88.449
104,5,attack,2,64.0,158.0,7,74,107,176,63.862,87.921
105,5,attack,3,64.0,158.0,5,73,105,176,61.938,87.318
106,5,attack,4,64.0,158.0,11,74,107,176,64.065,87.958
107,5,attack,5,64.0,158.0,17,74,108,176,65.664,88.726
108,6,idle,0,64.0,158.0,14,79,113,169,65.057,89.632
109,6,idle,1,64.0,158.0,14,78,113,169,65.087,88.98
110,6,idle,2,64.0,158.0,14,79,113,169,64.983,89.641
111,6,idle,3,64.0,158.0,14,79,113,169,64.952,90.296
112,6,walk,0,64.0,158.0,14,79,113,169,65.02,89.637
113,6,walk,1,64.0,158.0,14,78,113,171,63.321,89.257
114,6,walk,2,64.0,158.0,14,78,113,173,62.617,88.888
115,6,walk,3,64.0,158.0,14,78,113,172,63.321,89.257
116,6,walk,4,64.0,158.0,14,79,113,169,65.02,89.637
117,6,walk,5,64.0,158.0,14,79,113,170,66.719,89.291
118,6,walk,6,64.0,158.0,14,78,113,173,67.422,88.935
119,6,walk,7,64.0,158.0,14,79,113,172,66.719,89.291
120,6,attack,0,64.0,158.0,14,79,113,169,65.02,89.637
121,6,attack,1,64.0,158.0,15,80,113,168,64.863,89.251
122,6,attack,2,64.0,158.0,13,78,113,169,64.968,88.202
123,6,attack,3,64.0,158.0,13,77,112,169,64.74,86.87
124,6,attack,4,64.0,158.0,13,78,113,169,64.978,88.312
125,6,attack,5,64.0,158.0,14,79,113,169,65.02,89.637
126,7,idle,0,64.0,158.0,23,77,111,176,63.809,89.926
127,7,idle,1,64.0,158.0,23,77,111,176,64.234,89.428
128,7,idle,2,64.0,158.0,23,77,111,176,63.749,89.89
129,7,idle,3,64.0,158.0,23,77,112,176,63.324,90.39
130,7,walk,0,64.0,158.0,23,77,111,176,63.779,89.908
131,7,walk,1,64.0,158.0,21,77,109,174,62.58,88.545
132,7,walk,2,64.0,158.0,21,75,108,173,62.083,87.768
133,7,walk,3,64.0,158.0,21,77,109,174,62.58,88.545
134,7,walk,4,64.0,158.0,23,77,111,175,63.779,89.908
135,7,walk,5,64.0,158.0,24,77,113,177,64.976,90.544
136,7,walk,6,64.0,158.0,25,76,115,178,65.471,90.595
137,7,walk,7,64.0,158.0,24,77,113,178,64.976,90.544
138,7,attack,0,64.0,158.0,23,77,111,176,63.779,89.908
139,7,attack,1,64.0,158.0,23,77,107,176,63.719,89.448
140,7,attack,2,64.0,158.0,23,77,120,176,65.507,89.042
141,7,attack,3,64.0,158.0,22,77,121,176,67.109,88.176
142,7,attack,4,64.0,158.0,23,77,116,176,65.319,89.091
143,7,attack,5,64.0,158.0,23,77,111,176,63.779,89.908
