index,direction,direction_name,animation,animation_frame,atlas_x,atlas_y,alpha_l,alpha_t,alpha_r,alpha_b,head_x,head_y,foot_x,foot_y
0,0,east,idle,0,0,0,34,24,95,176,60.404,32.253,64.0,158.0
1,0,east,idle,1,128,0,34,24,95,177,61.397,32.229,64.0,158.0
2,0,east,idle,2,256,0,34,24,95,176,60.404,32.253,64.0,158.0
3,0,east,idle,3,384,0,35,24,95,176,59.411,32.285,64.0,158.0
4,0,east,walk,0,512,0,34,24,95,176,60.404,32.253,64.0,158.0
5,0,east,walk,1,640,0,33,23,99,175,60.404,31.747,64.0,158.0
6,0,east,walk,2,768,0,31,23,104,173,60.405,31.211,64.0,158.0
7,0,east,walk,3,896,0,34,23,99,175,60.404,31.747,64.0,158.0
8,0,east,walk,4,1024,0,35,24,95,176,60.404,32.253,64.0,158.0
9,0,east,walk,5,1152,0,31,23,104,177,60.404,31.643,64.0,158.0
10,0,east,walk,6,1280,0,25,23,110,176,60.405,31.064,64.0,158.0
11,0,east,walk,7,1408,0,32,23,104,177,60.404,31.643,64.0,158.0
12,0,east,attack,0,1536,0,35,24,96,177,59.808,32.251,64.0,158.0
13,0,east,attack,1,1664,0,35,24,97,178,59.064,32.26,64.0,158.0
14,0,east,attack,2,1792,0,34,24,94,176,61.521,32.245,64.0,158.0
15,0,east,attack,3,1920,0,32,24,98,175,63.534,32.335,64.0,158.0
16,0,east,attack,4,0,192,33,24,96,175,61.894,32.286,64.0,158.0
17,0,east,attack,5,128,192,34,24,95,176,60.404,32.253,64.0,158.0
18,1,southeast,idle,0,256,192,30,27,111,179,61.457,30.17,64.0,158.0
19,1,southeast,idle,1,384,192,30,27,110,179,62.16,30.721,64.0,158.0
20,1,southeast,idle,2,512,192,30,27,111,179,61.457,30.17,64.0,158.0
21,1,southeast,idle,3,640,192,30,26,112,179,60.755,29.627,64.0,158.0
22,1,southeast,walk,0,768,192,30,27,111,178,61.457,30.17,64.0,158.0
23,1,southeast,walk,1,896,192,30,26,107,183,61.413,29.649,64.0,158.0
24,1,southeast,walk,2,1024,192,30,25,105,184,61.394,29.107,64.0,158.0
25,1,southeast,walk,3,1152,192,30,26,107,183,61.413,29.649,64.0,158.0
26,1,southeast,walk,4,1280,192,30,27,111,179,61.457,30.17,64.0,158.0
27,1,southeast,walk,5,1408,192,30,26,115,185,61.502,29.576,64.0,158.0
28,1,southeast,walk,6,1536,192,30,26,116,187,61.522,29.003,64.0,158.0
29,1,southeast,walk,7,1664,192,30,26,115,184,61.502,29.576,64.0,158.0
30,1,southeast,attack,0,1792,192,30,26,110,182,61.049,29.827,64.0,158.0
31,1,southeast,attack,1,1920,192,30,26,110,185,60.532,29.408,64.0,158.0
32,1,southeast,attack,2,0,384,30,27,111,179,62.24,30.807,64.0,158.0
33,1,southeast,attack,3,128,384,30,28,114,179,63.584,32.035,64.0,158.0
34,1,southeast,attack,4,256,384,30,27,112,179,62.466,31.051,64.0,158.0
35,1,southeast,attack,5,384,384,30,27,111,179,61.457,30.17,64.0,158.0
36,2,south,idle,0,512,384,12,26,111,176,64.0,29.307,64.0,158.0
37,2,south,idle,1,640,384,12,27,111,176,64.0,30.097,64.0,158.0
38,2,south,idle,2,768,384,12,26,111,176,64.0,29.307,64.0,158.0
39,2,south,idle,3,896,384,12,25,111,176,64.0,28.526,64.0,158.0
40,2,south,walk,0,1024,384,12,26,111,174,64.0,29.307,64.0,158.0
41,2,south,walk,1,1152,384,12,25,111,181,63.936,28.75,64.0,158.0
42,2,south,walk,2,1280,384,12,25,111,185,63.91,28.193,64.0,158.0
43,2,south,walk,3,1408,384,12,25,111,180,63.936,28.75,64.0,158.0
44,2,south,walk,4,1536,384,12,26,111,176,64.0,29.307,64.0,158.0
45,2,south,walk,5,1664,384,12,25,111,185,64.064,28.75,64.0,158.0
46,2,south,walk,6,1792,384,11,25,110,189,64.09,28.193,64.0,158.0
47,2,south,walk,7,1920,384,12,25,111,185,64.064,28.75,64.0,158.0
48,2,south,attack,0,0,576,12,25,111,176,64.018,28.832,64.0,158.0
49,2,south,attack,1,128,576,12,25,111,176,64.031,28.242,64.0,158.0
50,2,south,attack,2,256,576,12,27,111,176,63.99,30.206,64.0,158.0
51,2,south,attack,3,384,576,12,28,111,176,63.877,31.852,64.0,158.0
52,2,south,attack,4,512,576,11,27,111,176,63.936,30.509,64.0,158.0
53,2,south,attack,5,640,576,12,26,111,176,64.0,29.307,64.0,158.0
54,3,southwest,idle,0,768,576,8,25,99,175,66.543,30.17,64.0,158.0
55,3,southwest,idle,1,896,576,8,25,99,175,65.84,30.721,64.0,158.0
56,3,southwest,idle,2,1024,576,8,25,99,175,66.543,30.17,64.0,158.0
57,3,southwest,idle,3,1152,576,8,24,99,175,67.245,29.627,64.0,158.0
58,3,southwest,walk,0,1280,576,8,25,99,175,66.543,30.17,64.0,158.0
59,3,southwest,walk,1,1408,576,6,24,100,182,66.498,29.576,64.0,158.0
60,3,southwest,walk,2,1536,576,5,24,100,185,66.478,29.003,64.0,158.0
61,3,southwest,walk,3,1664,576,6,24,100,181,66.498,29.576,64.0,158.0
62,3,southwest,walk,4,1792,576,8,25,99,174,66.543,30.17,64.0,158.0
63,3,southwest,walk,5,1920,576,9,24,99,171,66.587,29.649,64.0,158.0
64,3,southwest,walk,6,0,768,9,24,103,173,66.606,29.107,64.0,158.0
65,3,southwest,walk,7,128,768,9,24,99,169,66.587,29.649,64.0,158.0
66,3,southwest,attack,0,256,768,7,24,99,175,66.977,29.848,64.0,158.0
67,3,southwest,attack,1,384,768,6,24,99,175,67.513,29.444,64.0,158.0
68,3,southwest,attack,2,512,768,9,25,99,175,65.746,30.795,64.0,158.0
69,3,southwest,attack,3,640,768,5,27,99,175,64.242,31.893,64.0,158.0
70,3,southwest,attack,4,768,768,7,26,99,175,65.444,30.977,64.0,158.0
71,3,southwest,attack,5,896,768,8,25,99,175,66.543,30.17,64.0,158.0
72,4,west,idle,0,1024,768,33,5,94,175,67.596,32.253,64.0,158.0
73,4,west,idle,1,1152,768,34,5,95,175,66.603,32.229,64.0,158.0
74,4,west,idle,2,1280,768,33,5,94,175,67.596,32.253,64.0,158.0
75,4,west,idle,3,1408,768,33,5,93,175,68.589,32.285,64.0,158.0
76,4,west,walk,0,1536,768,33,5,95,175,67.596,32.253,64.0,158.0
77,4,west,walk,1,1664,768,29,3,95,174,67.596,31.643,64.0,158.0
78,4,west,walk,2,1792,768,24,2,97,174,67.595,31.064,64.0,158.0
79,4,west,walk,3,1920,768,29,3,94,173,67.596,31.643,64.0,158.0
80,4,west,walk,4,0,960,33,5,93,174,67.596,32.253,64.0,158.0
81,4,west,walk,5,128,960,24,5,96,173,67.596,31.747,64.0,158.0
82,4,west,walk,6,256,960,18,5,103,173,67.595,31.211,64.0,158.0
83,4,west,walk,7,384,960,24,5,96,174,67.596,31.747,64.0,158.0
84,4,west,attack,0,512,960,32,4,94,175,68.192,32.281,64.0,158.0
85,4,west,attack,1,640,960,30,3,93,175,68.936,32.311,64.0,158.0
86,4,west,attack,2,768,960,34,6,94,175,66.479,32.229,64.0,158.0
87,4,west,attack,3,896,960,29,10,96,175,64.466,32.133,64.0,158.0
88,4,west,attack,4,1024,960,32,8,95,175,66.106,32.182,64.0,158.0
89,4,west,attack,5,1152,960,33,5,94,175,67.596,32.253,64.0,158.0
90,5,northwest,idle,0,1280,960,17,3,98,175,66.543,34.336,64.0,158.0
91,5,northwest,idle,1,1408,960,18,3,98,175,65.84,33.736,64.0,158.0
92,5,northwest,idle,2,1536,960,17,3,98,175,66.543,34.336,64.0,158.0
93,5,northwest,idle,3,1664,960,16,4,98,175,67.245,34.943,64.0,158.0
94,5,northwest,walk,0,1792,960,17,3,98,175,66.543,34.336,64.0,158.0
95,5,northwest,walk,1,1920,960,21,2,97,166,66.587,33.741,64.0,158.0
96,5,northwest,walk,2,0,1152,23,2,98,166,66.606,33.168,64.0,158.0
97,5,northwest,walk,3,128,1152,21,2,98,165,66.587,33.741,64.0,158.0
98,5,northwest,walk,4,256,1152,17,3,98,173,66.543,34.336,64.0,158.0
99,5,northwest,walk,5,384,1152,13,3,99,180,66.498,33.815,64.0,158.0
100,5,northwest,walk,6,512,1152,12,3,99,183,66.478,33.272,64.0,158.0
101,5,northwest,walk,7,640,1152,13,3,98,181,66.498,33.815,64.0,158.0
102,5,northwest,attack,0,768,1152,17,3,98,175,66.951,34.704,64.0,158.0
103,5,northwest,attack,1,896,1152,18,4,98,175,67.468,35.163,64.0,158.0
104,5,northwest,attack,2,1024,1152,17,3,98,175,65.76,33.667,64.0,158.0
105,5,northwest,attack,3,1152,1152,15,3,98,175,64.416,32.432,64.0,158.0
106,5,northwest,attack,4,1280,1152,16,3,98,175,65.534,33.417,64.0,158.0
107,5,northwest,attack,5,1408,1152,17,3,98,175,66.543,34.336,64.0,158.0
108,6,north,idle,0,1536,1152,17,24,116,170,64.0,35.199,64.0,158.0
109,6,north,idle,1,1664,1152,17,24,116,170,64.0,34.36,64.0,158.0
110,6,north,idle,2,1792,1152,17,24,116,170,64.0,35.199,64.0,158.0
111,6,north,idle,3,1920,1152,17,24,116,170,64.0,36.044,64.0,158.0
112,6,north,walk,0,0,1344,17,24,116,170,64.0,35.199,64.0,158.0
113,6,north,walk,1,128,1344,17,23,116,174,64.064,34.641,64.0,158.0
114,6,north,walk,2,256,1344,17,23,116,179,64.09,34.083,64.0,158.0
115,6,north,walk,3,384,1344,17,23,116,175,64.064,34.641,64.0,158.0
116,6,north,walk,4,512,1344,17,24,116,168,64.0,35.199,64.0,158.0
117,6,north,walk,5,640,1344,17,24,116,178,63.936,34.641,64.0,158.0
118,6,north,walk,6,768,1344,18,23,117,183,63.91,34.083,64.0,158.0
119,6,north,walk,7,896,1344,17,24,116,179,63.936,34.641,64.0,158.0
120,6,north,attack,0,1024,1344,17,24,116,170,63.982,35.699,64.0,158.0
121,6,north,attack,1,1152,1344,17,25,116,170,63.969,36.329,64.0,158.0
122,6,north,attack,2,1280,1344,17,24,116,170,64.01,34.267,64.0,158.0
123,6,north,attack,3,1408,1344,16,23,116,175,64.123,32.615,64.0,158.0
124,6,north,attack,4,1536,1344,17,23,116,170,64.064,33.959,64.0,158.0
125,6,north,attack,5,1664,1344,17,24,116,170,64.0,35.199,64.0,158.0
126,7,northeast,idle,0,1792,1344,29,31,119,171,61.457,34.336,64.0,158.0
127,7,northeast,idle,1,1920,1344,29,31,119,171,62.16,33.736,64.0,158.0
128,7,northeast,idle,2,0,1536,29,31,119,171,61.457,34.336,64.0,158.0
129,7,northeast,idle,3,128,1536,29,31,119,171,60.755,34.943,64.0,158.0
130,7,northeast,walk,0,256,1536,29,31,119,170,61.457,34.336,64.0,158.0
131,7,northeast,walk,1,384,1536,28,31,122,177,61.502,33.815,64.0,158.0
132,7,northeast,walk,2,512,1536,27,30,123,180,61.522,33.272,64.0,158.0
133,7,northeast,walk,3,640,1536,28,31,122,178,61.502,33.815,64.0,158.0
134,7,northeast,walk,4,768,1536,29,31,119,171,61.457,34.336,64.0,158.0
135,7,northeast,walk,5,896,1536,29,30,119,170,61.413,33.741,64.0,158.0
136,7,northeast,walk,6,1024,1536,25,29,119,172,61.394,33.168,64.0,158.0
137,7,northeast,walk,7,1152,1536,29,30,119,170,61.413,33.741,64.0,158.0
138,7,northeast,attack,0,1280,1536,29,31,121,171,61.023,34.683,64.0,158.0
139,7,northeast,attack,1,1408,1536,29,31,122,171,60.487,35.127,64.0,158.0
140,7,northeast,attack,2,1536,1536,29,31,119,171,62.254,33.678,64.0,158.0
141,7,northeast,attack,3,1664,1536,29,30,123,179,63.758,32.575,64.0,158.0
142,7,northeast,attack,4,1792,1536,29,31,121,172,62.556,33.49,64.0,158.0
143,7,northeast,attack,5,1920,1536,29,31,119,171,61.457,34.336,64.0,158.0
